Senator1,Senator2,weight
14226,14435,171
14226,14858,218
14226,14871,194
14226,14921,547
14226,15015,205
14226,15021,173
14226,15408,194
14226,20101,560
14226,20146,544
14226,20330,189
14226,20351,500
14226,20707,189
14226,20713,196
14226,20735,204
14226,20750,180
14226,20919,515
14226,20923,210
14226,20930,202
14226,20932,200
14226,20953,529
14226,21133,567
14226,21166,543
14226,21173,403
14226,21301,531
14226,21325,201
14226,21338,521
14226,21350,492
14226,21355,519
14226,21708,547
14226,21734,479
14226,21743,211
14226,29142,204
14226,29147,157
14226,29345,525
14226,29373,178
14226,29389,212
14226,29534,564
14226,29566,431
14226,29722,526
14226,29732,198
14226,29754,569
14226,29940,200
14226,39310,199
14226,40300,398
14226,40305,574
14226,40700,207
14226,40702,228
14226,40703,204
14226,40704,197
14226,40707,488
14226,40902,500
14226,40906,201
14226,40908,173
14226,40909,200
14226,40910,206
14226,40915,233
14226,40916,192
14226,41101,200
14226,41102,479
14226,41104,474
14226,41107,521
14226,41110,486
14226,41111,523
14226,41112,200
14226,41300,208
14226,41301,177
14226,41302,564
14226,41304,486
14226,41305,193
14226,41308,188
14226,41500,498
14226,41502,538
14226,41504,482
14226,41505,522
14226,41700,204
14226,41702,211
14226,41703,523
14226,41706,193
14226,41707,542
14226,41900,442
14226,41901,458
14226,41902,494
14226,41903,473
14226,41905,199
14226,42100,468
14226,42101,210
14226,42102,470
14226,42103,208
14226,42104,192
14226,42105,193
14226,42300,508
14226,42301,148
14226,42302,546
14226,42303,498
14226,42304,420
14226,42305,104
14226,42306,6
14226,49300,34
14226,49308,201
14226,49703,400
14226,90915,26
14226,91300,222
14435,14858,582
14435,14871,599
14435,14921,169
14435,15015,589
14435,15021,562
14435,15408,578
14435,20101,128
14435,20146,176
14435,20330,587
14435,20351,74
14435,20707,601
14435,20713,606
14435,20735,586
14435,20750,605
14435,20919,156
14435,20923,583
14435,20930,595
14435,20932,592
14435,20953,107
14435,21133,199
14435,21166,113
14435,21173,57
14435,21301,109
14435,21325,595
14435,21338,108
14435,21350,145
14435,21355,110
14435,21708,103
14435,21734,93
14435,21743,574
14435,29142,595
14435,29147,546
14435,29345,105
14435,29373,472
14435,29389,577
14435,29534,151
14435,29566,297
14435,29722,162
14435,29732,574
14435,29754,125
14435,29940,597
14435,39310,593
14435,40300,367
14435,40305,152
14435,40700,577
14435,40702,549
14435,40703,572
14435,40704,581
14435,40707,89
14435,40902,97
14435,40906,571
14435,40908,596
14435,40909,571
14435,40910,582
14435,40915,371
14435,40916,568
14435,41101,591
14435,41102,99
14435,41104,96
14435,41107,117
14435,41110,80
14435,41111,86
14435,41112,587
14435,41300,573
14435,41301,621
14435,41302,107
14435,41304,91
14435,41305,591
14435,41308,577
14435,41500,109
14435,41502,115
14435,41504,210
14435,41505,212
14435,41700,587
14435,41702,583
14435,41703,150
14435,41706,582
14435,41707,123
14435,41900,84
14435,41901,72
14435,41902,198
14435,41903,73
14435,41905,560
14435,42100,81
14435,42101,579
14435,42102,66
14435,42103,590
14435,42104,580
14435,42105,590
14435,42300,85
14435,42301,462
14435,42302,115
14435,42303,66
14435,42304,88
14435,42305,354
14435,42306,71
14435,49300,113
14435,49308,589
14435,49703,401
14435,90915,59
14435,91300,512
14858,14871,614
14858,14921,219
14858,15015,633
14858,15021,577
14858,15408,612
14858,20101,171
14858,20146,220
14858,20330,600
14858,20351,101
14858,20707,618
14858,20713,619
14858,20735,631
14858,20750,604
14858,20919,200
14858,20923,632
14858,20930,623
14858,20932,623
14858,20953,128
14858,21133,249
14858,21166,160
14858,21173,72
14858,21301,147
14858,21325,630
14858,21338,133
14858,21350,172
14858,21355,151
14858,21708,144
14858,21734,108
14858,21743,623
14858,29142,638
14858,29147,520
14858,29345,151
14858,29373,477
14858,29389,611
14858,29534,195
14858,29566,338
14858,29722,201
14858,29732,619
14858,29754,173
14858,29940,617
14858,39310,624
14858,40300,413
14858,40305,200
14858,40700,624
14858,40702,582
14858,40703,619
14858,40704,622
14858,40707,123
14858,40902,138
14858,40906,608
14858,40908,588
14858,40909,615
14858,40910,629
14858,40915,398
14858,40916,604
14858,41101,634
14858,41102,137
14858,41104,87
14858,41107,150
14858,41110,80
14858,41111,110
14858,41112,625
14858,41300,615
14858,41301,601
14858,41302,157
14858,41304,110
14858,41305,618
14858,41308,595
14858,41500,133
14858,41502,162
14858,41504,256
14858,41505,261
14858,41700,626
14858,41702,630
14858,41703,178
14858,41706,619
14858,41707,166
14858,41900,86
14858,41901,81
14858,41902,236
14858,41903,83
14858,41905,609
14858,42100,111
14858,42101,623
14858,42102,79
14858,42103,627
14858,42104,604
14858,42105,607
14858,42300,126
14858,42301,502
14858,42302,162
14858,42303,83
14858,42304,95
14858,42305,375
14858,42306,72
14858,49300,121
14858,49308,624
14858,49703,451
14858,90915,70
14858,91300,545
14871,14921,191
14871,15015,622
14871,15021,579
14871,15408,601
14871,20101,145
14871,20146,198
14871,20330,605
14871,20351,87
14871,20707,619
14871,20713,622
14871,20735,618
14871,20750,617
14871,20919,175
14871,20923,621
14871,20930,618
14871,20932,618
14871,20953,122
14871,21133,222
14871,21166,132
14871,21173,63
14871,21301,121
14871,21325,617
14871,21338,122
14871,21350,160
14871,21355,128
14871,21708,116
14871,21734,99
14871,21743,610
14871,29142,623
14871,29147,535
14871,29345,123
14871,29373,481
14871,29389,613
14871,29534,166
14871,29566,314
14871,29722,181
14871,29732,608
14871,29754,144
14871,29940,626
14871,39310,627
14871,40300,404
14871,40305,172
14871,40700,611
14871,40702,588
14871,40703,607
14871,40704,611
14871,40707,106
14871,40902,110
14871,40906,593
14871,40908,607
14871,40909,602
14871,40910,614
14871,40915,394
14871,40916,595
14871,41101,621
14871,41102,109
14871,41104,94
14871,41107,135
14871,41110,86
14871,41111,100
14871,41112,612
14871,41300,600
14871,41301,620
14871,41302,129
14871,41304,97
14871,41305,607
14871,41308,603
14871,41500,117
14871,41502,134
14871,41504,235
14871,41505,242
14871,41700,619
14871,41702,615
14871,41703,163
14871,41706,610
14871,41707,138
14871,41900,87
14871,41901,80
14871,41902,213
14871,41903,75
14871,41905,594
14871,42100,98
14871,42101,607
14871,42102,75
14871,42103,609
14871,42104,597
14871,42105,601
14871,42300,101
14871,42301,487
14871,42302,134
14871,42303,70
14871,42304,97
14871,42305,363
14871,42306,66
14871,49300,120
14871,49308,621
14871,49703,432
14871,90915,66
14871,91300,533
14921,15015,204
14921,15021,186
14921,15408,194
14921,20101,542
14921,20146,541
14921,20330,185
14921,20351,477
14921,20707,190
14921,20713,190
14921,20735,206
14921,20750,178
14921,20919,498
14921,20923,211
14921,20930,199
14921,20932,195
14921,20953,493
14921,21133,574
14921,21166,521
14921,21173,380
14921,21301,510
14921,21325,201
14921,21338,485
14921,21350,482
14921,21355,504
14921,21708,506
14921,21734,446
14921,21743,213
14921,29142,205
14921,29147,153
14921,29345,500
14921,29373,167
14921,29389,206
14921,29534,566
14921,29566,431
14921,29722,526
14921,29732,197
14921,29754,548
14921,29940,198
14921,39310,194
14921,40300,392
14921,40305,545
14921,40700,208
14921,40702,215
14921,40703,206
14921,40704,200
14921,40707,475
14921,40902,488
14921,40906,199
14921,40908,177
14921,40909,197
14921,40910,203
14921,40915,240
14921,40916,203
14921,41101,203
14921,41102,454
14921,41104,434
14921,41107,512
14921,41110,437
14921,41111,483
14921,41112,199
14921,41300,208
14921,41301,176
14921,41302,546
14921,41304,472
14921,41305,195
14921,41308,190
14921,41500,490
14921,41502,509
14921,41504,484
14921,41505,526
14921,41700,199
14921,41702,207
14921,41703,507
14921,41706,196
14921,41707,537
14921,41900,406
14921,41901,421
14921,41902,482
14921,41903,436
14921,41905,193
14921,42100,449
14921,42101,209
14921,42102,439
14921,42103,209
14921,42104,198
14921,42105,189
14921,42300,491
14921,42301,212
14921,42302,522
14921,42303,461
14921,42304,386
14921,42305,125
14921,42306,7
14921,49300,70
14921,49308,198
14921,49703,395
14921,90915,26
14921,91300,221
15015,15021,587
15015,15408,627
15015,20101,158
15015,20146,209
15015,20330,615
15015,20351,88
15015,20707,629
15015,20713,628
15015,20735,637
15015,20750,615
15015,20919,192
15015,20923,638
15015,20930,633
15015,20932,631
15015,20953,118
15015,21133,235
15015,21166,150
15015,21173,62
15015,21301,133
15015,21325,643
15015,21338,118
15015,21350,159
15015,21355,143
15015,21708,132
15015,21734,96
15015,21743,629
15015,29142,645
15015,29147,523
15015,29345,137
15015,29373,479
15015,29389,618
15015,29534,183
15015,29566,329
15015,29722,190
15015,29732,627
15015,29754,160
15015,29940,625
15015,39310,632
15015,40300,411
15015,40305,188
15015,40700,632
15015,40702,587
15015,40703,625
15015,40704,633
15015,40707,110
15015,40902,125
15015,40906,616
15015,40908,597
15015,40909,624
15015,40910,637
15015,40915,405
15015,40916,610
15015,41101,642
15015,41102,123
15015,41104,79
15015,41107,137
15015,41110,72
15015,41111,98
15015,41112,631
15015,41300,621
15015,41301,608
15015,41302,145
15015,41304,97
15015,41305,628
15015,41308,603
15015,41500,123
15015,41502,150
15015,41504,245
15015,41505,250
15015,41700,634
15015,41702,636
15015,41703,166
15015,41706,627
15015,41707,154
15015,41900,72
15015,41901,72
15015,41902,230
15015,41903,74
15015,41905,615
15015,42100,100
15015,42101,626
15015,42102,67
15015,42103,630
15015,42104,608
15015,42105,617
15015,42300,113
15015,42301,508
15015,42302,150
15015,42303,73
15015,42304,84
15015,42305,382
15015,42306,71
15015,49300,126
15015,49308,630
15015,49703,452
15015,90915,70
15015,91300,547
15021,15408,573
15021,20101,131
15021,20146,185
15021,20330,575
15021,20351,75
15021,20707,597
15021,20713,592
15021,20735,580
15021,20750,584
15021,20919,157
15021,20923,585
15021,20930,590
15021,20932,587
15021,20953,102
15021,21133,203
15021,21166,120
15021,21173,69
15021,21301,111
15021,21325,584
15021,21338,102
15021,21350,153
15021,21355,113
15021,21708,100
15021,21734,82
15021,21743,576
15021,29142,590
15021,29147,503
15021,29345,112
15021,29373,446
15021,29389,575
15021,29534,155
15021,29566,286
15021,29722,166
15021,29732,576
15021,29754,132
15021,29940,589
15021,39310,586
15021,40300,378
15021,40305,159
15021,40700,576
15021,40702,548
15021,40703,580
15021,40704,583
15021,40707,97
15021,40902,100
15021,40906,582
15021,40908,572
15021,40909,569
15021,40910,585
15021,40915,368
15021,40916,567
15021,41101,586
15021,41102,98
15021,41104,77
15021,41107,125
15021,41110,58
15021,41111,84
15021,41112,585
15021,41300,589
15021,41301,578
15021,41302,117
15021,41304,80
15021,41305,580
15021,41308,559
15021,41500,116
15021,41502,122
15021,41504,222
15021,41505,222
15021,41700,583
15021,41702,583
15021,41703,151
15021,41706,578
15021,41707,126
15021,41900,66
15021,41901,58
15021,41902,201
15021,41903,60
15021,41905,561
15021,42100,83
15021,42101,575
15021,42102,62
15021,42103,581
15021,42104,559
15021,42105,576
15021,42300,88
15021,42301,484
15021,42302,130
15021,42303,56
15021,42304,70
15021,42305,383
15021,42306,70
15021,49300,112
15021,49308,584
15021,49703,402
15021,90915,64
15021,91300,506
15408,20101,149
15408,20146,192
15408,20330,605
15408,20351,84
15408,20707,615
15408,20713,610
15408,20735,618
15408,20750,599
15408,20919,184
15408,20923,615
15408,20930,617
15408,20932,612
15408,20953,110
15408,21133,221
15408,21166,137
15408,21173,55
15408,21301,127
15408,21325,623
15408,21338,112
15408,21350,145
15408,21355,131
15408,21708,121
15408,21734,89
15408,21743,608
15408,29142,625
15408,29147,517
15408,29345,127
15408,29373,469
15408,29389,598
15408,29534,173
15408,29566,313
15408,29722,179
15408,29732,606
15408,29754,146
15408,29940,608
15408,39310,611
15408,40300,393
15408,40305,171
15408,40700,611
15408,40702,565
15408,40703,606
15408,40704,615
15408,40707,104
15408,40902,118
15408,40906,595
15408,40908,584
15408,40909,611
15408,40910,616
15408,40915,388
15408,40916,597
15408,41101,623
15408,41102,118
15408,41104,76
15408,41107,123
15408,41110,74
15408,41111,92
15408,41112,616
15408,41300,600
15408,41301,597
15408,41302,131
15408,41304,91
15408,41305,615
15408,41308,591
15408,41500,120
15408,41502,139
15408,41504,228
15408,41505,237
15408,41700,613
15408,41702,615
15408,41703,162
15408,41706,606
15408,41707,146
15408,41900,73
15408,41901,77
15408,41902,218
15408,41903,68
15408,41905,596
15408,42100,93
15408,42101,605
15408,42102,63
15408,42103,609
15408,42104,587
15408,42105,596
15408,42300,104
15408,42301,491
15408,42302,136
15408,42303,72
15408,42304,93
15408,42305,372
15408,42306,64
15408,49300,121
15408,49308,609
15408,49703,433
15408,90915,66
15408,91300,534
20101,20146,560
20101,20330,140
20101,20351,554
20101,20707,143
20101,20713,146
20101,20735,158
20101,20750,135
20101,20919,533
20101,20923,166
20101,20930,152
20101,20932,154
20101,20953,547
20101,21133,548
20101,21166,589
20101,21173,461
20101,21301,596
20101,21325,155
20101,21338,549
20101,21350,524
20101,21355,572
20101,21708,581
20101,21734,518
20101,21743,175
20101,29142,158
20101,29147,124
20101,29345,541
20101,29373,135
20101,29389,166
20101,29534,586
20101,29566,432
20101,29722,549
20101,29732,153
20101,29754,602
20101,29940,151
20101,39310,149
20101,40300,352
20101,40305,575
20101,40700,162
20101,40702,174
20101,40703,162
20101,40704,154
20101,40707,514
20101,40902,533
20101,40906,159
20101,40908,134
20101,40909,154
20101,40910,160
20101,40915,206
20101,40916,151
20101,41101,157
20101,41102,529
20101,41104,496
20101,41107,563
20101,41110,502
20101,41111,559
20101,41112,161
20101,41300,165
20101,41301,131
20101,41302,609
20101,41304,536
20101,41305,152
20101,41308,140
20101,41500,538
20101,41502,572
20101,41504,474
20101,41505,528
20101,41700,154
20101,41702,166
20101,41703,526
20101,41706,149
20101,41707,595
20101,41900,473
20101,41901,489
20101,41902,500
20101,41903,515
20101,41905,156
20101,42100,520
20101,42101,166
20101,42102,514
20101,42103,161
20101,42104,155
20101,42105,144
20101,42300,570
20101,42301,139
20101,42302,574
20101,42303,532
20101,42304,442
20101,42305,96
20101,42306,4
20101,49300,29
20101,49308,155
20101,49703,355
20101,90915,21
20101,91300,183
20146,20330,194
20146,20351,498
20146,20707,198
20146,20713,201
20146,20735,207
20146,20750,185
20146,20919,525
20146,20923,213
20146,20930,201
20146,20932,199
20146,20953,510
20146,21133,550
20146,21166,533
20146,21173,399
20146,21301,518
20146,21325,204
20146,21338,504
20146,21350,512
20146,21355,522
20146,21708,509
20146,21734,468
20146,21743,224
20146,29142,207
20146,29147,160
20146,29345,501
20146,29373,181
20146,29389,217
20146,29534,562
20146,29566,440
20146,29722,534
20146,29732,206
20146,29754,562
20146,29940,205
20146,39310,202
20146,40300,400
20146,40305,575
20146,40700,209
20146,40702,226
20146,40703,208
20146,40704,201
20146,40707,473
20146,40902,494
20146,40906,202
20146,40908,184
20146,40909,204
20146,40910,207
20146,40915,265
20146,40916,196
20146,41101,205
20146,41102,470
20146,41104,440
20146,41107,517
20146,41110,444
20146,41111,507
20146,41112,204
20146,41300,210
20146,41301,183
20146,41302,551
20146,41304,478
20146,41305,200
20146,41308,192
20146,41500,494
20146,41502,526
20146,41504,481
20146,41505,539
20146,41700,219
20146,41702,211
20146,41703,510
20146,41706,202
20146,41707,545
20146,41900,420
20146,41901,431
20146,41902,513
20146,41903,460
20146,41905,199
20146,42100,472
20146,42101,212
20146,42102,451
20146,42103,209
20146,42104,205
20146,42105,210
20146,42300,497
20146,42301,169
20146,42302,532
20146,42303,470
20146,42304,405
20146,42305,124
20146,42306,11
20146,49300,41
20146,49308,208
20146,49703,402
20146,90915,29
20146,91300,227
20330,20351,90
20330,20707,617
20330,20713,624
20330,20735,604
20330,20750,609
20330,20919,186
20330,20923,603
20330,20930,614
20330,20932,610
20330,20953,113
20330,21133,214
20330,21166,129
20330,21173,54
20330,21301,114
20330,21325,611
20330,21338,128
20330,21350,157
20330,21355,123
20330,21708,111
20330,21734,96
20330,21743,596
20330,29142,615
20330,29147,526
20330,29345,118
20330,29373,484
20330,29389,599
20330,29534,164
20330,29566,310
20330,29722,171
20330,29732,594
20330,29754,139
20330,29940,615
20330,39310,615
20330,40300,399
20330,40305,167
20330,40700,599
20330,40702,601
20330,40703,592
20330,40704,603
20330,40707,102
20330,40902,105
20330,40906,589
20330,40908,595
20330,40909,599
20330,40910,604
20330,40915,395
20330,40916,592
20330,41101,611
20330,41102,122
20330,41104,78
20330,41107,130
20330,41110,73
20330,41111,96
20330,41112,607
20330,41300,594
20330,41301,610
20330,41302,124
20330,41304,90
20330,41305,613
20330,41308,584
20330,41500,114
20330,41502,148
20330,41504,223
20330,41505,235
20330,41700,607
20330,41702,603
20330,41703,163
20330,41706,604
20330,41707,134
20330,41900,91
20330,41901,87
20330,41902,228
20330,41903,69
20330,41905,584
20330,42100,112
20330,42101,593
20330,42102,74
20330,42103,601
20330,42104,585
20330,42105,598
20330,42300,96
20330,42301,507
20330,42302,129
20330,42303,69
20330,42304,100
20330,42305,357
20330,42306,54
20330,49300,125
20330,49308,609
20330,49703,430
20330,90915,84
20330,91300,551
20351,20707,85
20351,20713,88
20351,20735,93
20351,20750,78
20351,20919,507
20351,20923,95
20351,20930,88
20351,20932,84
20351,20953,549
20351,21133,473
20351,21166,549
20351,21173,463
20351,21301,535
20351,21325,85
20351,21338,551
20351,21350,481
20351,21355,530
20351,21708,566
20351,21734,548
20351,21743,104
20351,29142,88
20351,29147,94
20351,29345,527
20351,29373,87
20351,29389,104
20351,29534,515
20351,29566,357
20351,29722,481
20351,29732,85
20351,29754,551
20351,29940,91
20351,39310,88
20351,40300,282
20351,40305,523
20351,40700,93
20351,40702,130
20351,40703,92
20351,40704,86
20351,40707,499
20351,40902,522
20351,40906,89
20351,40908,85
20351,40909,85
20351,40910,95
20351,40915,164
20351,40916,94
20351,41101,89
20351,41102,544
20351,41104,531
20351,41107,534
20351,41110,524
20351,41111,576
20351,41112,93
20351,41300,96
20351,41301,79
20351,41302,566
20351,41304,533
20351,41305,84
20351,41308,83
20351,41500,512
20351,41502,537
20351,41504,402
20351,41505,445
20351,41700,99
20351,41702,94
20351,41703,490
20351,41706,85
20351,41707,542
20351,41900,515
20351,41901,540
20351,41902,442
20351,41903,539
20351,41905,89
20351,42100,557
20351,42101,97
20351,42102,560
20351,42103,93
20351,42104,94
20351,42105,94
20351,42300,548
20351,42301,100
20351,42302,534
20351,42303,571
20351,42304,498
20351,42305,55
20351,42306,2
20351,49300,23
20351,49308,92
20351,49703,274
20351,90915,25
20351,91300,127
20707,20713,634
20707,20735,624
20707,20750,629
20707,20919,178
20707,20923,623
20707,20930,628
20707,20932,630
20707,20953,115
20707,21133,218
20707,21166,135
20707,21173,60
20707,21301,121
20707,21325,627
20707,21338,117
20707,21350,157
20707,21355,128
20707,21708,118
20707,21734,96
20707,21743,616
20707,29142,631
20707,29147,531
20707,29345,124
20707,29373,479
20707,29389,616
20707,29534,164
20707,29566,314
20707,29722,175
20707,29732,612
20707,29754,145
20707,29940,629
20707,39310,627
20707,40300,403
20707,40305,171
20707,40700,619
20707,40702,583
20707,40703,612
20707,40704,618
20707,40707,101
20707,40902,116
20707,40906,608
20707,40908,605
20707,40909,611
20707,40910,624
20707,40915,397
20707,40916,606
20707,41101,631
20707,41102,116
20707,41104,84
20707,41107,134
20707,41110,73
20707,41111,94
20707,41112,624
20707,41300,616
20707,41301,618
20707,41302,128
20707,41304,97
20707,41305,623
20707,41308,599
20707,41500,119
20707,41502,137
20707,41504,227
20707,41505,234
20707,41700,626
20707,41702,625
20707,41703,158
20707,41706,622
20707,41707,137
20707,41900,80
20707,41901,74
20707,41902,214
20707,41903,72
20707,41905,602
20707,42100,96
20707,42101,613
20707,42102,69
20707,42103,621
20707,42104,601
20707,42105,615
20707,42300,100
20707,42301,497
20707,42302,135
20707,42303,70
20707,42304,87
20707,42305,374
20707,42306,70
20707,49300,121
20707,49308,627
20707,49703,434
20707,90915,69
20707,91300,536
20713,20735,625
20713,20750,626
20713,20919,173
20713,20923,622
20713,20930,631
20713,20932,627
20713,20953,120
20713,21133,218
20713,21166,135
20713,21173,62
20713,21301,122
20713,21325,626
20713,21338,119
20713,21350,162
20713,21355,129
20713,21708,117
20713,21734,95
20713,21743,615
20713,29142,634
20713,29147,538
20713,29345,124
20713,29373,486
20713,29389,622
20713,29534,169
20713,29566,312
20713,29722,179
20713,29732,613
20713,29754,146
20713,29940,632
20713,39310,634
20713,40300,410
20713,40305,174
20713,40700,618
20713,40702,590
20713,40703,609
20713,40704,620
20713,40707,106
20713,40902,112
20713,40906,606
20713,40908,612
20713,40909,610
20713,40910,621
20713,40915,397
20713,40916,603
20713,41101,632
20713,41102,112
20713,41104,83
20713,41107,138
20713,41110,73
20713,41111,99
20713,41112,626
20713,41300,613
20713,41301,627
20713,41302,131
20713,41304,95
20713,41305,622
20713,41308,604
20713,41500,118
20713,41502,135
20713,41504,231
20713,41505,238
20713,41700,626
20713,41702,622
20713,41703,166
20713,41706,623
20713,41707,141
20713,41900,79
20713,41901,77
20713,41902,216
20713,41903,74
20713,41905,603
20713,42100,96
20713,42101,612
20713,42102,70
20713,42103,620
20713,42104,606
20713,42105,617
20713,42300,103
20713,42301,493
20713,42302,135
20713,42303,72
20713,42304,85
20713,42305,378
20713,42306,70
20713,49300,123
20713,49308,628
20713,49703,434
20713,90915,66
20713,91300,534
20735,20750,610
20735,20919,192
20735,20923,634
20735,20930,629
20735,20932,627
20735,20953,121
20735,21133,235
20735,21166,150
20735,21173,63
20735,21301,137
20735,21325,634
20735,21338,121
20735,21350,160
20735,21355,143
20735,21708,133
20735,21734,100
20735,21743,627
20735,29142,640
20735,29147,524
20735,29345,139
20735,29373,474
20735,29389,613
20735,29534,181
20735,29566,330
20735,29722,191
20735,29732,623
20735,29754,159
20735,29940,621
20735,39310,628
20735,40300,411
20735,40305,187
20735,40700,628
20735,40702,586
20735,40703,621
20735,40704,626
20735,40707,112
20735,40902,126
20735,40906,610
20735,40908,594
20735,40909,620
20735,40910,631
20735,40915,396
20735,40916,604
20735,41101,638
20735,41102,126
20735,41104,80
20735,41107,138
20735,41110,73
20735,41111,98
20735,41112,629
20735,41300,617
20735,41301,603
20735,41302,144
20735,41304,102
20735,41305,622
20735,41308,600
20735,41500,126
20735,41502,148
20735,41504,243
20735,41505,250
20735,41700,632
20735,41702,632
20735,41703,165
20735,41706,625
20735,41707,154
20735,41900,77
20735,41901,75
20735,41902,224
20735,41903,77
20735,41905,611
20735,42100,102
20735,42101,624
20735,42102,74
20735,42103,626
20735,42104,604
20735,42105,612
20735,42300,116
20735,42301,500
20735,42302,148
20735,42303,76
20735,42304,88
20735,42305,382
20735,42306,71
20735,49300,126
20735,49308,626
20735,49703,446
20735,90915,70
20735,91300,547
20750,20919,166
20750,20923,611
20750,20930,616
20750,20932,618
20750,20953,113
20750,21133,206
20750,21166,126
20750,21173,56
20750,21301,110
20750,21325,613
20750,21338,112
20750,21350,153
20750,21355,118
20750,21708,110
20750,21734,91
20750,21743,600
20750,29142,619
20750,29147,549
20750,29345,110
20750,29373,467
20750,29389,601
20750,29534,154
20750,29566,302
20750,29722,165
20750,29732,602
20750,29754,133
20750,29940,615
20750,39310,615
20750,40300,389
20750,40305,160
20750,40700,605
20750,40702,569
20750,40703,597
20750,40704,605
20750,40707,102
20750,40902,101
20750,40906,593
20750,40908,611
20750,40909,595
20750,40910,608
20750,40915,381
20750,40916,590
20750,41101,619
20750,41102,102
20750,41104,90
20750,41107,123
20750,41110,76
20750,41111,88
20750,41112,611
20750,41300,603
20750,41301,622
20750,41302,122
20750,41304,86
20750,41305,611
20750,41308,595
20750,41500,109
20750,41502,124
20750,41504,215
20750,41505,223
20750,41700,610
20750,41702,609
20750,41703,148
20750,41706,608
20750,41707,131
20750,41900,83
20750,41901,73
20750,41902,204
20750,41903,67
20750,41905,588
20750,42100,94
20750,42101,601
20750,42102,67
20750,42103,605
20750,42104,590
20750,42105,601
20750,42300,93
20750,42301,488
20750,42302,124
20750,42303,66
20750,42304,86
20750,42305,366
20750,42306,71
20750,49300,117
20750,49308,613
20750,49703,419
20750,90915,67
20750,91300,519
20919,20923,196
20919,20930,184
20919,20932,187
20919,20953,513
20919,21133,535
20919,21166,528
20919,21173,412
20919,21301,509
20919,21325,187
20919,21338,527
20919,21350,499
20919,21355,514
20919,21708,526
20919,21734,497
20919,21743,198
20919,29142,189
20919,29147,137
20919,29345,489
20919,29373,155
20919,29389,194
20919,29534,533
20919,29566,386
20919,29722,527
20919,29732,193
20919,29754,535
20919,29940,184
20919,39310,182
20919,40300,357
20919,40305,538
20919,40700,192
20919,40702,210
20919,40703,194
20919,40704,184
20919,40707,475
20919,40902,498
20919,40906,183
20919,40908,164
20919,40909,191
20919,40910,192
20919,40915,227
20919,40916,176
20919,41101,185
20919,41102,493
20919,41104,453
20919,41107,509
20919,41110,454
20919,41111,501
20919,41112,188
20919,41300,196
20919,41301,166
20919,41302,529
20919,41304,472
20919,41305,186
20919,41308,173
20919,41500,493
20919,41502,528
20919,41504,445
20919,41505,491
20919,41700,186
20919,41702,193
20919,41703,483
20919,41706,187
20919,41707,533
20919,41900,454
20919,41901,466
20919,41902,497
20919,41903,455
20919,41905,187
20919,42100,480
20919,42101,199
20919,42102,467
20919,42103,192
20919,42104,185
20919,42105,177
20919,42300,509
20919,42301,177
20919,42302,500
20919,42303,478
20919,42304,445
20919,42305,107
20919,42306,8
20919,49300,40
20919,49308,183
20919,49703,366
20919,90915,40
20919,91300,218
20923,20930,628
20923,20932,630
20923,20953,124
20923,21133,242
20923,21166,155
20923,21173,67
20923,21301,140
20923,21325,633
20923,21338,128
20923,21350,166
20923,21355,147
20923,21708,138
20923,21734,104
20923,21743,630
20923,29142,641
20923,29147,517
20923,29345,144
20923,29373,476
20923,29389,622
20923,29534,188
20923,29566,335
20923,29722,200
20923,29732,632
20923,29754,166
20923,29940,626
20923,39310,627
20923,40300,417
20923,40305,194
20923,40700,631
20923,40702,593
20923,40703,629
20923,40704,626
20923,40707,120
20923,40902,131
20923,40906,614
20923,40908,591
20923,40909,621
20923,40910,636
20923,40915,407
20923,40916,606
20923,41101,637
20923,41102,131
20923,41104,77
20923,41107,144
20923,41110,76
20923,41111,104
20923,41112,628
20923,41300,624
20923,41301,606
20923,41302,151
20923,41304,106
20923,41305,623
20923,41308,597
20923,41500,130
20923,41502,156
20923,41504,248
20923,41505,256
20923,41700,633
20923,41702,639
20923,41703,172
20923,41706,622
20923,41707,160
20923,41900,82
20923,41901,79
20923,41902,237
20923,41903,82
20923,41905,614
20923,42100,105
20923,42101,631
20923,42102,73
20923,42103,629
20923,42104,607
20923,42105,611
20923,42300,121
20923,42301,508
20923,42302,155
20923,42303,80
20923,42304,89
20923,42305,376
20923,42306,72
20923,49300,123
20923,49308,627
20923,49703,456
20923,90915,71
20923,91300,552
20930,20932,637
20930,20953,116
20930,21133,231
20930,21166,141
20930,21173,58
20930,21301,128
20930,21325,630
20930,21338,122
20930,21350,156
20930,21355,136
20930,21708,124
20930,21734,97
20930,21743,623
20930,29142,634
20930,29147,529
20930,29345,133
20930,29373,477
20930,29389,615
20930,29534,173
20930,29566,323
20930,29722,183
20930,29732,617
20930,29754,151
20930,29940,627
20930,39310,630
20930,40300,408
20930,40305,179
20930,40700,624
20930,40702,586
20930,40703,617
20930,40704,623
20930,40707,111
20930,40902,121
20930,40906,613
20930,40908,602
20930,40909,616
20930,40910,631
20930,40915,397
20930,40916,604
20930,41101,632
20930,41102,120
20930,41104,82
20930,41107,133
20930,41110,73
20930,41111,98
20930,41112,632
20930,41300,619
20930,41301,612
20930,41302,136
20930,41304,98
20930,41305,628
20930,41308,596
20930,41500,123
20930,41502,140
20930,41504,236
20930,41505,243
20930,41700,631
20930,41702,628
20930,41703,163
20930,41706,625
20930,41707,147
20930,41900,78
20930,41901,74
20930,41902,222
20930,41903,72
20930,41905,609
20930,42100,99
20930,42101,620
20930,42102,66
20930,42103,626
20930,42104,606
20930,42105,619
20930,42300,106
20930,42301,498
20930,42302,141
20930,42303,75
20930,42304,89
20930,42305,378
20930,42306,71
20930,49300,122
20930,49308,622
20930,49703,442
20930,90915,68
20930,91300,543
20932,20953,116
20932,21133,226
20932,21166,140
20932,21173,56
20932,21301,130
20932,21325,630
20932,21338,118
20932,21350,158
20932,21355,135
20932,21708,122
20932,21734,94
20932,21743,625
20932,29142,632
20932,29147,526
20932,29345,130
20932,29373,479
20932,29389,617
20932,29534,172
20932,29566,322
20932,29722,186
20932,29732,615
20932,29754,150
20932,29940,624
20932,39310,628
20932,40300,406
20932,40305,176
20932,40700,624
20932,40702,586
20932,40703,619
20932,40704,619
20932,40707,103
20932,40902,121
20932,40906,611
20932,40908,602
20932,40909,614
20932,40910,631
20932,40915,398
20932,40916,604
20932,41101,630
20932,41102,121
20932,41104,80
20932,41107,133
20932,41110,72
20932,41111,95
20932,41112,626
20932,41300,619
20932,41301,611
20932,41302,134
20932,41304,95
20932,41305,626
20932,41308,600
20932,41500,124
20932,41502,142
20932,41504,232
20932,41505,244
20932,41700,629
20932,41702,630
20932,41703,159
20932,41706,623
20932,41707,146
20932,41900,80
20932,41901,76
20932,41902,221
20932,41903,71
20932,41905,609
20932,42100,96
20932,42101,622
20932,42102,68
20932,42103,624
20932,42104,598
20932,42105,615
20932,42300,105
20932,42301,500
20932,42302,140
20932,42303,74
20932,42304,91
20932,42305,372
20932,42306,70
20932,49300,122
20932,49308,622
20932,49703,441
20932,90915,68
20932,91300,547
20953,21133,509
20953,21166,550
20953,21173,439
20953,21301,530
20953,21325,115
20953,21338,565
20953,21350,504
20953,21355,526
20953,21708,569
20953,21734,538
20953,21743,127
20953,29142,116
20953,29147,113
20953,29345,518
20953,29373,108
20953,29389,135
20953,29534,531
20953,29566,375
20953,29722,510
20953,29732,113
20953,29754,542
20953,29940,125
20953,39310,122
20953,40300,326
20953,40305,538
20953,40700,119
20953,40702,153
20953,40703,120
20953,40704,115
20953,40707,519
20953,40902,520
20953,40906,112
20953,40908,120
20953,40909,113
20953,40910,122
20953,40915,179
20953,40916,112
20953,41101,117
20953,41102,504
20953,41104,523
20953,41107,537
20953,41110,531
20953,41111,571
20953,41112,116
20953,41300,123
20953,41301,111
20953,41302,567
20953,41304,532
20953,41305,110
20953,41308,122
20953,41500,504
20953,41502,525
20953,41504,424
20953,41505,460
20953,41700,121
20953,41702,122
20953,41703,506
20953,41706,112
20953,41707,546
20953,41900,508
20953,41901,522
20953,41902,447
20953,41903,533
20953,41905,114
20953,42100,504
20953,42101,125
20953,42102,527
20953,42103,121
20953,42104,125
20953,42105,118
20953,42300,529
20953,42301,98
20953,42302,541
20953,42303,543
20953,42304,458
20953,42305,75
20953,42306,6
20953,49300,19
20953,49308,127
20953,49703,316
20953,90915,24
20953,91300,140
21133,21166,533
21133,21173,381
21133,21301,523
21133,21325,231
21133,21338,500
21133,21350,505
21133,21355,512
21133,21708,528
21133,21734,463
21133,21743,240
21133,29142,235
21133,29147,173
21133,29345,514
21133,29373,189
21133,29389,235
21133,29534,571
21133,29566,427
21133,29722,550
21133,29732,228
21133,29754,564
21133,29940,227
21133,39310,224
21133,40300,413
21133,40305,563
21133,40700,237
21133,40702,249
21133,40703,237
21133,40704,231
21133,40707,465
21133,40902,502
21133,40906,231
21133,40908,205
21133,40909,228
21133,40910,234
21133,40915,257
21133,40916,212
21133,41101,231
21133,41102,459
21133,41104,444
21133,41107,530
21133,41110,449
21133,41111,493
21133,41112,231
21133,41300,240
21133,41301,203
21133,41302,549
21133,41304,470
21133,41305,224
21133,41308,210
21133,41500,484
21133,41502,519
21133,41504,498
21133,41505,538
21133,41700,233
21133,41702,239
21133,41703,507
21133,41706,225
21133,41707,543
21133,41900,418
21133,41901,429
21133,41902,510
21133,41903,441
21133,41905,227
21133,42100,453
21133,42101,239
21133,42102,442
21133,42103,239
21133,42104,223
21133,42105,219
21133,42300,494
21133,42301,192
21133,42302,532
21133,42303,469
21133,42304,401
21133,42305,133
21133,42306,10
21133,49300,42
21133,49308,230
21133,49703,426
21133,90915,30
21133,91300,253
21166,21173,457
21166,21301,579
21166,21325,145
21166,21338,545
21166,21350,508
21166,21355,565
21166,21708,576
21166,21734,520
21166,21743,163
21166,29142,148
21166,29147,124
21166,29345,554
21166,29373,116
21166,29389,156
21166,29534,567
21166,29566,410
21166,29722,512
21166,29732,143
21166,29754,592
21166,29940,139
21166,39310,137
21166,40300,346
21166,40305,570
21166,40700,154
21166,40702,164
21166,40703,152
21166,40704,146
21166,40707,503
21166,40902,534
21166,40906,145
21166,40908,126
21166,40909,144
21166,40910,152
21166,40915,195
21166,40916,136
21166,41101,147
21166,41102,531
21166,41104,507
21166,41107,561
21166,41110,508
21166,41111,565
21166,41112,140
21166,41300,155
21166,41301,119
21166,41302,603
21166,41304,531
21166,41305,142
21166,41308,136
21166,41500,531
21166,41502,552
21166,41504,457
21166,41505,492
21166,41700,145
21166,41702,155
21166,41703,519
21166,41706,141
21166,41707,572
21166,41900,487
21166,41901,497
21166,41902,473
21166,41903,516
21166,41905,146
21166,42100,517
21166,42101,155
21166,42102,525
21166,42103,152
21166,42104,136
21166,42105,135
21166,42300,561
21166,42301,134
21166,42302,566
21166,42303,533
21166,42304,445
21166,42305,100
21166,42306,4
21166,49300,24
21166,49308,146
21166,49703,350
21166,90915,22
21166,91300,176
21173,21301,455
21173,21325,59
21173,21338,451
21173,21350,405
21173,21355,446
21173,21708,462
21173,21734,439
21173,21743,73
21173,29142,60
21173,29147,69
21173,29345,420
21173,29373,74
21173,29389,77
21173,29534,424
21173,29566,298
21173,29722,401
21173,29732,75
21173,29754,445
21173,29940,62
21173,39310,64
21173,40300,240
21173,40305,427
21173,40700,65
21173,40702,89
21173,40703,70
21173,40704,59
21173,40707,425
21173,40902,454
21173,40906,62
21173,40908,57
21173,40909,69
21173,40910,65
21173,40915,119
21173,40916,61
21173,41101,61
21173,41102,426
21173,41104,458
21173,41107,450
21173,41110,470
21173,41111,469
21173,41112,65
21173,41300,70
21173,41301,55
21173,41302,464
21173,41304,444
21173,41305,58
21173,41308,63
21173,41500,427
21173,41502,433
21173,41504,355
21173,41505,354
21173,41700,62
21173,41702,65
21173,41703,397
21173,41706,65
21173,41707,447
21173,41900,404
21173,41901,427
21173,41902,366
21173,41903,453
21173,41905,78
21173,42100,422
21173,42101,69
21173,42102,440
21173,42103,69
21173,42104,89
21173,42105,59
21173,42300,466
21173,42301,77
21173,42302,439
21173,42303,453
21173,42304,391
21173,42305,45
21173,42306,3
21173,49300,29
21173,49308,68
21173,49703,214
21173,90915,17
21173,91300,84
21301,21325,130
21301,21338,525
21301,21350,509
21301,21355,550
21301,21708,565
21301,21734,495
21301,21743,148
21301,29142,133
21301,29147,109
21301,29345,531
21301,29373,117
21301,29389,142
21301,29534,555
21301,29566,401
21301,29722,510
21301,29732,134
21301,29754,576
21301,29940,126
21301,39310,124
21301,40300,327
21301,40305,545
21301,40700,137
21301,40702,153
21301,40703,137
21301,40704,130
21301,40707,491
21301,40902,525
21301,40906,140
21301,40908,114
21301,40909,132
21301,40910,135
21301,40915,192
21301,40916,129
21301,41101,133
21301,41102,515
21301,41104,485
21301,41107,553
21301,41110,492
21301,41111,543
21301,41112,132
21301,41300,143
21301,41301,107
21301,41302,592
21301,41304,523
21301,41305,129
21301,41308,122
21301,41500,532
21301,41502,543
21301,41504,445
21301,41505,478
21301,41700,131
21301,41702,141
21301,41703,504
21301,41706,125
21301,41707,567
21301,41900,468
21301,41901,474
21301,41902,453
21301,41903,510
21301,41905,131
21301,42100,498
21301,42101,141
21301,42102,506
21301,42103,137
21301,42104,125
21301,42105,120
21301,42300,558
21301,42301,131
21301,42302,569
21301,42303,519
21301,42304,448
21301,42305,83
21301,42306,2
21301,49300,32
21301,49308,131
21301,49703,326
21301,90915,23
21301,91300,168
21325,21338,115
21325,21350,155
21325,21355,138
21325,21708,128
21325,21734,93
21325,21743,626
21325,29142,643
21325,29147,525
21325,29345,136
21325,29373,478
21325,29389,614
21325,29534,178
21325,29566,324
21325,29722,187
21325,29732,624
21325,29754,155
21325,29940,622
21325,39310,629
21325,40300,409
21325,40305,183
21325,40700,629
21325,40702,583
21325,40703,622
21325,40704,631
21325,40707,105
21325,40902,122
21325,40906,613
21325,40908,595
21325,40909,621
21325,40910,634
21325,40915,396
21325,40916,607
21325,41101,639
21325,41102,120
21325,41104,74
21325,41107,132
21325,41110,67
21325,41111,93
21325,41112,628
21325,41300,618
21325,41301,606
21325,41302,140
21325,41304,99
21325,41305,625
21325,41308,601
21325,41500,121
21325,41502,146
21325,41504,241
21325,41505,244
21325,41700,631
21325,41702,633
21325,41703,163
21325,41706,624
21325,41707,149
21325,41900,72
21325,41901,73
21325,41902,225
21325,41903,71
21325,41905,612
21325,42100,97
21325,42101,623
21325,42102,64
21325,42103,629
21325,42104,615
21325,42105,614
21325,42300,110
21325,42301,501
21325,42302,147
21325,42303,73
21325,42304,80
21325,42305,383
21325,42306,72
21325,49300,118
21325,49308,627
21325,49703,445
21325,90915,71
21325,91300,544
21338,21350,514
21338,21355,528
21338,21708,569
21338,21734,557
21338,21743,131
21338,29142,119
21338,29147,122
21338,29345,526
21338,29373,112
21338,29389,136
21338,29534,523
21338,29566,363
21338,29722,509
21338,29732,119
21338,29754,538
21338,29940,128
21338,39310,126
21338,40300,305
21338,40305,517
21338,40700,124
21338,40702,164
21338,40703,123
21338,40704,114
21338,40707,506
21338,40902,525
21338,40906,117
21338,40908,119
21338,40909,117
21338,40910,126
21338,40915,183
21338,40916,118
21338,41101,120
21338,41102,530
21338,41104,522
21338,41107,542
21338,41110,521
21338,41111,578
21338,41112,123
21338,41300,127
21338,41301,111
21338,41302,565
21338,41304,526
21338,41305,115
21338,41308,112
21338,41500,513
21338,41502,532
21338,41504,404
21338,41505,463
21338,41700,126
21338,41702,125
21338,41703,491
21338,41706,119
21338,41707,546
21338,41900,522
21338,41901,520
21338,41902,465
21338,41903,516
21338,41905,116
21338,42100,547
21338,42101,130
21338,42102,532
21338,42103,124
21338,42104,126
21338,42105,119
21338,42300,542
21338,42301,112
21338,42302,526
21338,42303,547
21338,42304,484
21338,42305,66
21338,42306,6
21338,49300,25
21338,49308,130
21338,49703,297
21338,90915,36
21338,91300,156
21350,21355,496
21350,21708,507
21350,21734,483
21350,21743,170
21350,29142,158
21350,29147,153
21350,29345,474
21350,29373,148
21350,29389,178
21350,29534,502
21350,29566,383
21350,29722,507
21350,29732,162
21350,29754,518
21350,29940,164
21350,39310,165
21350,40300,353
21350,40305,512
21350,40700,161
21350,40702,192
21350,40703,164
21350,40704,153
21350,40707,457
21350,40902,481
21350,40906,163
21350,40908,151
21350,40909,158
21350,40910,162
21350,40915,205
21350,40916,149
21350,41101,160
21350,41102,474
21350,41104,446
21350,41107,529
21350,41110,456
21350,41111,504
21350,41112,156
21350,41300,168
21350,41301,148
21350,41302,525
21350,41304,489
21350,41305,154
21350,41308,154
21350,41500,477
21350,41502,500
21350,41504,431
21350,41505,476
21350,41700,160
21350,41702,165
21350,41703,471
21350,41706,154
21350,41707,522
21350,41900,465
21350,41901,441
21350,41902,454
21350,41903,467
21350,41905,158
21350,42100,477
21350,42101,168
21350,42102,458
21350,42103,163
21350,42104,168
21350,42105,159
21350,42300,482
21350,42301,167
21350,42302,495
21350,42303,473
21350,42304,425
21350,42305,96
21350,42306,14
21350,49300,35
21350,49308,170
21350,49703,339
21350,90915,38
21350,91300,192
21355,21708,542
21355,21734,498
21355,21743,157
21355,29142,140
21355,29147,106
21355,29345,527
21355,29373,128
21355,29389,148
21355,29534,545
21355,29566,394
21355,29722,504
21355,29732,137
21355,29754,564
21355,29940,133
21355,39310,136
21355,40300,321
21355,40305,545
21355,40700,145
21355,40702,155
21355,40703,145
21355,40704,136
21355,40707,476
21355,40902,521
21355,40906,139
21355,40908,119
21355,40909,138
21355,40910,143
21355,40915,182
21355,40916,133
21355,41101,140
21355,41102,505
21355,41104,483
21355,41107,538
21355,41110,483
21355,41111,533
21355,41112,140
21355,41300,146
21355,41301,113
21355,41302,570
21355,41304,506
21355,41305,132
21355,41308,126
21355,41500,515
21355,41502,527
21355,41504,438
21355,41505,480
21355,41700,138
21355,41702,145
21355,41703,494
21355,41706,133
21355,41707,555
21355,41900,467
21355,41901,485
21355,41902,452
21355,41903,500
21355,41905,138
21355,42100,505
21355,42101,145
21355,42102,493
21355,42103,144
21355,42104,136
21355,42105,130
21355,42300,539
21355,42301,129
21355,42302,538
21355,42303,518
21355,42304,416
21355,42305,87
21355,42306,4
21355,49300,30
21355,49308,137
21355,49703,321
21355,90915,21
21355,91300,165
21708,21734,548
21708,21743,139
21708,29142,130
21708,29147,123
21708,29345,552
21708,29373,108
21708,29389,137
21708,29534,538
21708,29566,395
21708,29722,527
21708,29732,124
21708,29754,563
21708,29940,123
21708,39310,119
21708,40300,329
21708,40305,549
21708,40700,134
21708,40702,150
21708,40703,134
21708,40704,126
21708,40707,511
21708,40902,538
21708,40906,128
21708,40908,117
21708,40909,124
21708,40910,134
21708,40915,185
21708,40916,117
21708,41101,129
21708,41102,529
21708,41104,527
21708,41107,548
21708,41110,539
21708,41111,588
21708,41112,131
21708,41300,138
21708,41301,108
21708,41302,584
21708,41304,556
21708,41305,125
21708,41308,115
21708,41500,516
21708,41502,541
21708,41504,450
21708,41505,476
21708,41700,127
21708,41702,138
21708,41703,504
21708,41706,123
21708,41707,563
21708,41900,502
21708,41901,520
21708,41902,459
21708,41903,535
21708,41905,131
21708,42100,521
21708,42101,140
21708,42102,532
21708,42103,136
21708,42104,128
21708,42105,118
21708,42300,559
21708,42301,117
21708,42302,563
21708,42303,555
21708,42304,476
21708,42305,72
21708,42306,4
21708,49300,27
21708,49308,129
21708,49703,329
21708,90915,23
21708,91300,156
21734,21743,107
21734,29142,95
21734,29147,110
21734,29345,500
21734,29373,103
21734,29389,112
21734,29534,481
21734,29566,349
21734,29722,483
21734,29732,97
21734,29754,515
21734,29940,108
21734,39310,104
21734,40300,289
21734,40305,482
21734,40700,107
21734,40702,133
21734,40703,100
21734,40704,90
21734,40707,468
21734,40902,498
21734,40906,90
21734,40908,99
21734,40909,94
21734,40910,102
21734,40915,163
21734,40916,94
21734,41101,95
21734,41102,497
21734,41104,515
21734,41107,531
21734,41110,527
21734,41111,556
21734,41112,95
21734,41300,104
21734,41301,90
21734,41302,521
21734,41304,524
21734,41305,95
21734,41308,88
21734,41500,491
21734,41502,498
21734,41504,387
21734,41505,429
21734,41700,102
21734,41702,101
21734,41703,472
21734,41706,100
21734,41707,511
21734,41900,506
21734,41901,530
21734,41902,404
21734,41903,516
21734,41905,95
21734,42100,518
21734,42101,105
21734,42102,542
21734,42103,101
21734,42104,108
21734,42105,98
21734,42300,524
21734,42301,89
21734,42302,492
21734,42303,555
21734,42304,481
21734,42305,52
21734,42306,2
21734,49300,21
21734,49308,106
21734,49703,280
21734,90915,21
21734,91300,131
21743,29142,632
21743,29147,512
21743,29345,154
21743,29373,471
21743,29389,611
21743,29534,199
21743,29566,347
21743,29722,196
21743,29732,613
21743,29754,174
21743,29940,619
21743,39310,622
21743,40300,421
21743,40305,201
21743,40700,626
21743,40702,592
21743,40703,617
21743,40704,619
21743,40707,123
21743,40902,140
21743,40906,607
21743,40908,584
21743,40909,614
21743,40910,631
21743,40915,410
21743,40916,602
21743,41101,630
21743,41102,142
21743,41104,78
21743,41107,153
21743,41110,75
21743,41111,115
21743,41112,619
21743,41300,617
21743,41301,595
21743,41302,160
21743,41304,113
21743,41305,620
21743,41308,590
21743,41500,139
21743,41502,167
21743,41504,257
21743,41505,269
21743,41700,632
21743,41702,632
21743,41703,184
21743,41706,615
21743,41707,167
21743,41900,83
21743,41901,78
21743,41902,243
21743,41903,89
21743,41905,611
21743,42100,114
21743,42101,622
21743,42102,82
21743,42103,620
21743,42104,599
21743,42105,604
21743,42300,129
21743,42301,501
21743,42302,163
21743,42303,79
21743,42304,90
21743,42305,375
21743,42306,70
21743,49300,122
21743,49308,618
21743,49703,458
21743,90915,69
21743,91300,562
29142,29147,529
29142,29345,137
29142,29373,481
29142,29389,623
29142,29534,181
29142,29566,330
29142,29722,191
29142,29732,630
29142,29754,159
29142,29940,628
29142,39310,635
29142,40300,415
29142,40305,186
29142,40700,635
29142,40702,591
29142,40703,628
29142,40704,639
29142,40707,108
29142,40902,124
29142,40906,619
29142,40908,605
29142,40909,625
29142,40910,640
29142,40915,406
29142,40916,613
29142,41101,645
29142,41102,123
29142,41104,73
29142,41107,136
29142,41110,67
29142,41111,96
29142,41112,636
29142,41300,626
29142,41301,616
29142,41302,143
29142,41304,97
29142,41305,633
29142,41308,605
29142,41500,124
29142,41502,148
29142,41504,244
29142,41505,250
29142,41700,637
29142,41702,641
29142,41703,165
29142,41706,630
29142,41707,152
29142,41900,72
29142,41901,76
29142,41902,228
29142,41903,72
29142,41905,618
29142,42100,98
29142,42101,631
29142,42102,65
29142,42103,635
29142,42104,613
29142,42105,618
29142,42300,112
29142,42301,507
29142,42302,148
29142,42303,76
29142,42304,83
29142,42305,383
29142,42306,72
29142,49300,124
29142,49308,635
29142,49703,452
29142,90915,69
29142,91300,554
29147,29345,121
29147,29373,420
29147,29389,516
29147,29534,135
29147,29566,272
29147,29722,156
29147,29732,512
29147,29754,115
29147,29940,533
29147,39310,531
29147,40300,327
29147,40305,142
29147,40700,513
29147,40702,490
29147,40703,506
29147,40704,519
29147,40707,118
29147,40902,104
29147,40906,507
29147,40908,545
29147,40909,507
29147,40910,518
29147,40915,325
29147,40916,502
29147,41101,525
29147,41102,117
29147,41104,106
29147,41107,116
29147,41110,98
29147,41111,111
29147,41112,521
29147,41300,509
29147,41301,554
29147,41302,113
29147,41304,104
29147,41305,530
29147,41308,510
29147,41500,106
29147,41502,109
29147,41504,185
29147,41505,184
29147,41700,521
29147,41702,517
29147,41703,146
29147,41706,522
29147,41707,126
29147,41900,105
29147,41901,104
29147,41902,165
29147,41903,83
29147,41905,507
29147,42100,100
29147,42101,509
29147,42102,90
29147,42103,516
29147,42104,510
29147,42105,518
29147,42300,99
29147,42301,431
29147,42302,118
29147,42303,88
29147,42304,118
29147,42305,315
29147,42306,67
29147,49300,118
29147,49308,529
29147,49703,348
29147,90915,58
29147,91300,459
29345,29373,114
29345,29389,142
29345,29534,538
29345,29566,391
29345,29722,488
29345,29732,131
29345,29754,554
29345,29940,130
29345,39310,130
29345,40300,322
29345,40305,531
29345,40700,143
29345,40702,154
29345,40703,141
29345,40704,138
29345,40707,476
29345,40902,566
29345,40906,132
29345,40908,129
29345,40909,133
29345,40910,145
29345,40915,188
29345,40916,126
29345,41101,136
29345,41102,495
29345,41104,485
29345,41107,532
29345,41110,481
29345,41111,545
29345,41112,133
29345,41300,143
29345,41301,110
29345,41302,564
29345,41304,496
29345,41305,127
29345,41308,122
29345,41500,503
29345,41502,504
29345,41504,450
29345,41505,462
29345,41700,136
29345,41702,141
29345,41703,490
29345,41706,132
29345,41707,532
29345,41900,453
29345,41901,478
29345,41902,447
29345,41903,493
29345,41905,141
29345,42100,480
29345,42101,145
29345,42102,504
29345,42103,141
29345,42104,131
29345,42105,126
29345,42300,533
29345,42301,138
29345,42302,565
29345,42303,516
29345,42304,437
29345,42305,79
29345,42306,7
29345,49300,46
29345,49308,134
29345,49703,324
29345,90915,29
29345,91300,164
29373,29389,475
29373,29534,146
29373,29566,264
29373,29722,168
29373,29732,471
29373,29754,136
29373,29940,481
29373,39310,483
29373,40300,324
29373,40305,155
29373,40700,471
29373,40702,473
29373,40703,464
29373,40704,471
29373,40707,96
29373,40902,101
29373,40906,462
29373,40908,458
29373,40909,486
29373,40910,476
29373,40915,389
29373,40916,477
29373,41101,481
29373,41102,117
29373,41104,75
29373,41107,136
29373,41110,88
29373,41111,94
29373,41112,471
29373,41300,462
29373,41301,476
29373,41302,118
29373,41304,104
29373,41305,479
29373,41308,462
29373,41500,124
29373,41502,132
29373,41504,190
29373,41505,205
29373,41700,477
29373,41702,483
29373,41703,158
29373,41706,468
29373,41707,129
29373,41900,87
29373,41901,89
29373,41902,202
29373,41903,85
29373,41905,461
29373,42100,117
29373,42101,465
29373,42102,76
29373,42103,474
29373,42104,466
29373,42105,478
29373,42300,104
29373,42301,404
29373,42302,132
29373,42303,77
29373,42304,114
29373,42305,244
29373,49300,122
29373,49308,481
29373,49703,345
29373,90915,5
29373,91300,464
29389,29534,185
29389,29566,328
29389,29722,196
29389,29732,609
29389,29754,164
29389,29940,623
29389,39310,622
29389,40300,420
29389,40305,192
29389,40700,615
29389,40702,599
29389,40703,616
29389,40704,608
29389,40707,119
29389,40902,130
29389,40906,597
29389,40908,587
29389,40909,602
29389,40910,619
29389,40915,408
29389,40916,595
29389,41101,618
29389,41102,132
29389,41104,84
29389,41107,155
29389,41110,87
29389,41111,116
29389,41112,609
29389,41300,605
29389,41301,598
29389,41302,149
29389,41304,113
29389,41305,609
29389,41308,588
29389,41500,139
29389,41502,156
29389,41504,243
29389,41505,253
29389,41700,619
29389,41702,622
29389,41703,181
29389,41706,609
29389,41707,159
29389,41900,94
29389,41901,94
29389,41902,236
29389,41903,94
29389,41905,599
29389,42100,111
29389,42101,608
29389,42102,87
29389,42103,610
29389,42104,597
29389,42105,600
29389,42300,121
29389,42301,497
29389,42302,154
29389,42303,90
29389,42304,105
29389,42305,372
29389,42306,70
29389,49300,121
29389,49308,620
29389,49703,449
29389,90915,69
29389,91300,549
29534,29566,427
29534,29722,538
29534,29732,175
29534,29754,594
29534,29940,174
29534,39310,170
29534,40300,371
29534,40305,575
29534,40700,185
29534,40702,193
29534,40703,182
29534,40704,177
29534,40707,490
29534,40902,517
29534,40906,177
29534,40908,156
29534,40909,176
29534,40910,180
29534,40915,223
29534,40916,171
29534,41101,177
29534,41102,499
29534,41104,469
29534,41107,545
29534,41110,468
29534,41111,528
29534,41112,178
29534,41300,185
29534,41301,154
29534,41302,588
29534,41304,499
29534,41305,174
29534,41308,167
29534,41500,522
29534,41502,550
29534,41504,486
29534,41505,532
29534,41700,177
29534,41702,185
29534,41703,520
29534,41706,172
29534,41707,575
29534,41900,439
29534,41901,458
29534,41902,505
29534,41903,480
29534,41905,181
29534,42100,484
29534,42101,186
29534,42102,482
29534,42103,184
29534,42104,170
29534,42105,165
29534,42300,536
29534,42301,155
29534,42302,559
29534,42303,494
29534,42304,423
29534,42305,116
29534,42306,8
29534,49300,31
29534,49308,176
29534,49703,375
29534,90915,29
29534,91300,204
29566,29722,404
29566,29732,320
29566,29754,412
29566,29940,318
29566,39310,322
29566,40300,476
29566,40305,442
29566,40700,328
29566,40702,342
29566,40703,319
29566,40704,319
29566,40707,371
29566,40902,396
29566,40906,313
29566,40908,296
29566,40909,320
29566,40910,332
29566,40915,337
29566,40916,310
29566,41101,325
29566,41102,369
29566,41104,320
29566,41107,394
29566,41110,325
29566,41111,378
29566,41112,328
29566,41300,329
29566,41301,302
29566,41302,419
29566,41304,358
29566,41305,320
29566,41308,304
29566,41500,367
29566,41502,385
29566,41504,454
29566,41505,450
29566,41700,329
29566,41702,333
29566,41703,411
29566,41706,315
29566,41707,420
29566,41900,302
29566,41901,312
29566,41902,413
29566,41903,338
29566,41905,312
29566,42100,341
29566,42101,334
29566,42102,321
29566,42103,337
29566,42104,320
29566,42105,317
29566,42300,377
29566,42301,267
29566,42302,403
29566,42303,341
29566,42304,301
29566,42305,185
29566,42306,18
29566,49300,70
29566,49308,319
29566,49703,506
29566,90915,47
29566,91300,357
29722,29732,191
29722,29754,543
29722,29940,183
29722,39310,186
29722,40300,384
29722,40305,536
29722,40700,194
29722,40702,204
29722,40703,194
29722,40704,186
29722,40707,475
29722,40902,503
29722,40906,185
29722,40908,164
29722,40909,188
29722,40910,193
29722,40915,242
29722,40916,176
29722,41101,187
29722,41102,471
29722,41104,450
29722,41107,512
29722,41110,457
29722,41111,496
29722,41112,189
29722,41300,196
29722,41301,167
29722,41302,531
29722,41304,470
29722,41305,183
29722,41308,181
29722,41500,488
29722,41502,512
29722,41504,462
29722,41505,515
29722,41700,187
29722,41702,195
29722,41703,488
29722,41706,182
29722,41707,530
29722,41900,428
29722,41901,437
29722,41902,487
29722,41903,444
29722,41905,189
29722,42100,455
29722,42101,198
29722,42102,442
29722,42103,196
29722,42104,188
29722,42105,183
29722,42300,501
29722,42301,171
29722,42302,501
29722,42303,474
29722,42304,415
29722,42305,115
29722,42306,4
29722,49300,42
29722,49308,190
29722,49703,379
29722,90915,21
29722,91300,211
29732,29754,154
29732,29940,611
29732,39310,616
29732,40300,409
29732,40305,181
29732,40700,617
29732,40702,576
29732,40703,613
29732,40704,614
29732,40707,112
29732,40902,122
29732,40906,604
29732,40908,580
29732,40909,612
29732,40910,623
29732,40915,392
29732,40916,596
29732,41101,626
29732,41102,121
29732,41104,75
29732,41107,134
29732,41110,70
29732,41111,94
29732,41112,619
29732,41300,607
29732,41301,593
29732,41302,140
29732,41304,99
29732,41305,614
29732,41308,590
29732,41500,122
29732,41502,143
29732,41504,234
29732,41505,241
29732,41700,618
29732,41702,624
29732,41703,163
29732,41706,621
29732,41707,148
29732,41900,76
29732,41901,72
29732,41902,227
29732,41903,73
29732,41905,603
29732,42100,99
29732,42101,612
29732,42102,65
29732,42103,616
29732,42104,594
29732,42105,602
29732,42300,110
29732,42301,499
29732,42302,142
29732,42303,73
29732,42304,82
29732,42305,376
29732,42306,71
29732,49300,126
29732,49308,618
29732,49703,439
29732,90915,71
29732,91300,537
29754,29940,151
29754,39310,150
29754,40300,355
29754,40305,583
29754,40700,164
29754,40702,179
29754,40703,161
29754,40704,153
29754,40707,502
29754,40902,531
29754,40906,157
29754,40908,130
29754,40909,156
29754,40910,161
29754,40915,210
29754,40916,146
29754,41101,159
29754,41102,510
29754,41104,499
29754,41107,583
29754,41110,495
29754,41111,561
29754,41112,152
29754,41300,165
29754,41301,130
29754,41302,609
29754,41304,521
29754,41305,153
29754,41308,142
29754,41500,552
29754,41502,574
29754,41504,480
29754,41505,521
29754,41700,155
29754,41702,166
29754,41703,534
29754,41706,151
29754,41707,570
29754,41900,472
29754,41901,484
29754,41902,487
29754,41903,508
29754,41905,158
29754,42100,509
29754,42101,166
29754,42102,520
29754,42103,163
29754,42104,151
29754,42105,144
29754,42300,574
29754,42301,133
29754,42302,576
29754,42303,528
29754,42304,439
29754,42305,94
29754,42306,6
29754,49300,30
29754,49308,155
29754,49703,360
29754,90915,22
29754,91300,186
29940,39310,632
29940,40300,410
29940,40305,178
29940,40700,628
29940,40702,596
29940,40703,613
29940,40704,615
29940,40707,115
29940,40902,116
29940,40906,604
29940,40908,603
29940,40909,608
29940,40910,625
29940,40915,400
29940,40916,601
29940,41101,628
29940,41102,114
29940,41104,84
29940,41107,143
29940,41110,78
29940,41111,105
29940,41112,620
29940,41300,610
29940,41301,618
29940,41302,136
29940,41304,102
29940,41305,619
29940,41308,596
29940,41500,122
29940,41502,140
29940,41504,233
29940,41505,238
29940,41700,628
29940,41702,624
29940,41703,172
29940,41706,624
29940,41707,145
29940,41900,85
29940,41901,82
29940,41902,216
29940,41903,80
29940,41905,601
29940,42100,103
29940,42101,614
29940,42102,75
29940,42103,618
29940,42104,603
29940,42105,611
29940,42300,108
29940,42301,492
29940,42302,139
29940,42303,76
29940,42304,91
29940,42305,369
29940,42306,70
29940,49300,123
29940,49308,626
29940,49703,441
29940,90915,68
29940,91300,540
39310,40300,408
39310,40305,175
39310,40700,623
39310,40702,596
39310,40703,614
39310,40704,621
39310,40707,109
39310,40902,119
39310,40906,605
39310,40908,603
39310,40909,615
39310,40910,628
39310,40915,400
39310,40916,607
39310,41101,633
39310,41102,116
39310,41104,84
39310,41107,141
39310,41110,79
39310,41111,103
39310,41112,622
39310,41300,613
39310,41301,614
39310,41302,132
39310,41304,102
39310,41305,619
39310,41308,601
39310,41500,119
39310,41502,137
39310,41504,233
39310,41505,239
39310,41700,633
39310,41702,627
39310,41703,168
39310,41706,620
39310,41707,141
39310,41900,81
39310,41901,83
39310,41902,217
39310,41903,79
39310,41905,606
39310,42100,100
39310,42101,620
39310,42102,72
39310,42103,621
39310,42104,609
39310,42105,613
39310,42300,105
39310,42301,494
39310,42302,137
39310,42303,77
39310,42304,86
39310,42305,371
39310,42306,72
39310,49300,123
39310,49308,633
39310,49703,439
39310,90915,71
39310,91300,543
40300,40305,384
40300,40700,413
40300,40702,430
40300,40703,407
40300,40704,405
40300,40707,303
40300,40902,321
40300,40906,400
40300,40908,379
40300,40909,405
40300,40910,417
40300,40915,369
40300,40916,393
40300,41101,411
40300,41102,299
40300,41104,252
40300,41107,337
40300,41110,263
40300,41111,307
40300,41112,408
40300,41300,417
40300,41301,382
40300,41302,341
40300,41304,287
40300,41305,405
40300,41308,387
40300,41500,327
40300,41502,318
40300,41504,418
40300,41505,423
40300,41700,415
40300,41702,417
40300,41703,362
40300,41706,404
40300,41707,353
40300,41900,241
40300,41901,254
40300,41902,394
40300,41903,266
40300,41905,397
40300,42100,269
40300,42101,410
40300,42102,261
40300,42103,412
40300,42104,396
40300,42105,398
40300,42300,307
40300,42301,329
40300,42302,336
40300,42303,272
40300,42304,249
40300,42305,244
40300,42306,29
40300,49300,83
40300,49308,411
40300,49703,580
40300,90915,65
40300,91300,410
40305,40700,189
40305,40702,206
40305,40703,186
40305,40704,181
40305,40707,498
40305,40902,526
40305,40906,184
40305,40908,158
40305,40909,181
40305,40910,188
40305,40915,233
40305,40916,172
40305,41101,182
40305,41102,508
40305,41104,474
40305,41107,528
40305,41110,482
40305,41111,539
40305,41112,185
40305,41300,192
40305,41301,161
40305,41302,580
40305,41304,500
40305,41305,175
40305,41308,170
40305,41500,508
40305,41502,563
40305,41504,491
40305,41505,535
40305,41700,183
40305,41702,193
40305,41703,529
40305,41706,176
40305,41707,571
40305,41900,449
40305,41901,456
40305,41902,521
40305,41903,488
40305,41905,178
40305,42100,479
40305,42101,194
40305,42102,480
40305,42103,190
40305,42104,183
40305,42105,174
40305,42300,526
40305,42301,154
40305,42302,555
40305,42303,497
40305,42304,422
40305,42305,112
40305,42306,11
40305,49300,32
40305,49308,181
40305,49703,386
40305,90915,29
40305,91300,210
40700,40702,585
40700,40703,618
40700,40704,622
40700,40707,116
40700,40902,128
40700,40906,608
40700,40908,587
40700,40909,615
40700,40910,632
40700,40915,402
40700,40916,600
40700,41101,633
40700,41102,125
40700,41104,79
40700,41107,142
40700,41110,72
40700,41111,102
40700,41112,622
40700,41300,614
40700,41301,598
40700,41302,149
40700,41304,100
40700,41305,621
40700,41308,593
40700,41500,128
40700,41502,151
40700,41504,247
40700,41505,252
40700,41700,629
40700,41702,631
40700,41703,170
40700,41706,637
40700,41707,155
40700,41900,77
40700,41901,80
40700,41902,228
40700,41903,75
40700,41905,608
40700,42100,104
40700,42101,623
40700,42102,75
40700,42103,623
40700,42104,600
40700,42105,609
40700,42300,119
40700,42301,498
40700,42302,152
40700,42303,79
40700,42304,86
40700,42305,371
40700,42306,72
40700,49300,121
40700,49308,621
40700,49703,449
40700,90915,71
40700,91300,546
40702,40703,580
40702,40704,577
40702,40707,137
40702,40902,141
40702,40906,574
40702,40908,560
40702,40909,575
40702,40910,592
40702,40915,418
40702,40916,574
40702,41101,587
40702,41102,161
40702,41104,99
40702,41107,168
40702,41110,103
40702,41111,136
40702,41112,578
40702,41300,583
40702,41301,570
40702,41302,166
40702,41304,134
40702,41305,579
40702,41308,561
40702,41500,147
40702,41502,183
40702,41504,253
40702,41505,264
40702,41700,595
40702,41702,597
40702,41703,196
40702,41706,576
40702,41707,168
40702,41900,127
40702,41901,125
40702,41902,257
40702,41903,109
40702,41905,568
40702,42100,155
40702,42101,585
40702,42102,115
40702,42103,585
40702,42104,568
40702,42105,574
40702,42300,132
40702,42301,492
40702,42302,168
40702,42303,106
40702,42304,131
40702,42305,342
40702,42306,54
40702,49300,118
40702,49308,589
40702,49703,457
40702,90915,85
40702,91300,570
40703,40704,613
40703,40707,111
40703,40902,127
40703,40906,602
40703,40908,579
40703,40909,609
40703,40910,625
40703,40915,392
40703,40916,595
40703,41101,624
40703,41102,128
40703,41104,77
40703,41107,140
40703,41110,74
40703,41111,100
40703,41112,615
40703,41300,608
40703,41301,590
40703,41302,147
40703,41304,101
40703,41305,612
40703,41308,587
40703,41500,128
40703,41502,152
40703,41504,243
40703,41505,250
40703,41700,620
40703,41702,625
40703,41703,170
40703,41706,609
40703,41707,156
40703,41900,77
40703,41901,74
40703,41902,228
40703,41903,76
40703,41905,603
40703,42100,102
40703,42101,616
40703,42102,70
40703,42103,616
40703,42104,592
40703,42105,600
40703,42300,116
40703,42301,500
40703,42302,152
40703,42303,78
40703,42304,92
40703,42305,381
40703,42306,72
40703,49300,108
40703,49308,614
40703,49703,442
40703,90915,71
40703,91300,540
40704,40707,107
40704,40902,124
40704,40906,605
40704,40908,597
40704,40909,612
40704,40910,625
40704,40915,395
40704,40916,599
40704,41101,631
40704,41102,122
40704,41104,75
40704,41107,132
40704,41110,67
40704,41111,92
40704,41112,622
40704,41300,611
40704,41301,602
40704,41302,139
40704,41304,94
40704,41305,620
40704,41308,595
40704,41500,122
40704,41502,143
40704,41504,237
40704,41505,248
40704,41700,624
40704,41702,626
40704,41703,160
40704,41706,616
40704,41707,148
40704,41900,70
40704,41901,74
40704,41902,224
40704,41903,71
40704,41905,603
40704,42100,96
40704,42101,616
40704,42102,65
40704,42103,620
40704,42104,599
40704,42105,605
40704,42300,109
40704,42301,505
40704,42302,144
40704,42303,74
40704,42304,83
40704,42305,380
40704,42306,68
40704,49300,125
40704,49308,621
40704,49703,437
40704,90915,65
40704,91300,543
40707,40902,508
40707,40906,113
40707,40908,103
40707,40909,106
40707,40910,114
40707,40915,173
40707,40916,113
40707,41101,110
40707,41102,470
40707,41104,453
40707,41107,486
40707,41110,448
40707,41111,516
40707,41112,117
40707,41300,119
40707,41301,96
40707,41302,522
40707,41304,492
40707,41305,100
40707,41308,105
40707,41500,469
40707,41502,474
40707,41504,403
40707,41505,430
40707,41700,108
40707,41702,114
40707,41703,469
40707,41706,106
40707,41707,517
40707,41900,438
40707,41901,441
40707,41902,436
40707,41903,468
40707,41905,118
40707,42100,466
40707,42101,118
40707,42102,465
40707,42103,115
40707,42104,120
40707,42105,105
40707,42300,498
40707,42301,138
40707,42302,500
40707,42303,470
40707,42304,395
40707,42305,67
40707,42306,6
40707,49300,49
40707,49308,117
40707,49703,291
40707,90915,28
40707,91300,134
40902,40906,123
40902,40908,104
40902,40909,124
40902,40910,131
40902,40915,181
40902,40916,116
40902,41101,126
40902,41102,505
40902,41104,485
40902,41107,527
40902,41110,479
40902,41111,539
40902,41112,128
40902,41300,133
40902,41301,102
40902,41302,543
40902,41304,500
40902,41305,113
40902,41308,114
40902,41500,498
40902,41502,498
40902,41504,434
40902,41505,455
40902,41700,123
40902,41702,128
40902,41703,465
40902,41706,119
40902,41707,533
40902,41900,462
40902,41901,472
40902,41902,459
40902,41903,493
40902,41905,131
40902,42100,481
40902,42101,133
40902,42102,487
40902,42103,130
40902,42104,127
40902,42105,118
40902,42300,524
40902,42301,145
40902,42302,535
40902,42303,511
40902,42304,429
40902,42305,71
40902,42306,6
40902,49300,38
40902,49308,124
40902,49703,314
40902,90915,29
40902,91300,157
40906,40908,575
40906,40909,602
40906,40910,615
40906,40915,394
40906,40916,587
40906,41101,615
40906,41102,126
40906,41104,75
40906,41107,134
40906,41110,66
40906,41111,96
40906,41112,614
40906,41300,621
40906,41301,586
40906,41302,141
40906,41304,96
40906,41305,610
40906,41308,577
40906,41500,137
40906,41502,147
40906,41504,245
40906,41505,243
40906,41700,610
40906,41702,624
40906,41703,166
40906,41706,606
40906,41707,153
40906,41900,76
40906,41901,75
40906,41902,225
40906,41903,72
40906,41905,593
40906,42100,101
40906,42101,604
40906,42102,63
40906,42103,610
40906,42104,584
40906,42105,596
40906,42300,110
40906,42301,487
40906,42302,155
40906,42303,78
40906,42304,86
40906,42305,365
40906,42306,71
40906,49300,119
40906,49308,605
40906,49703,432
40906,90915,68
40906,91300,539
40908,40909,579
40908,40910,590
40908,40915,370
40908,40916,572
40908,41101,599
40908,41102,105
40908,41104,95
40908,41107,126
40908,41110,87
40908,41111,99
40908,41112,593
40908,41300,583
40908,41301,612
40908,41302,122
40908,41304,94
40908,41305,597
40908,41308,578
40908,41500,106
40908,41502,121
40908,41504,217
40908,41505,221
40908,41700,595
40908,41702,591
40908,41703,152
40908,41706,592
40908,41707,132
40908,41900,91
40908,41901,88
40908,41902,197
40908,41903,74
40908,41905,568
40908,42100,95
40908,42101,581
40908,42102,74
40908,42103,589
40908,42104,574
40908,42105,584
40908,42300,93
40908,42301,493
40908,42302,127
40908,42303,76
40908,42304,98
40908,42305,363
40908,42306,71
40908,49300,133
40908,49308,597
40908,49703,409
40908,90915,65
40908,91300,508
40909,40910,626
40909,40915,403
40909,40916,594
40909,41101,623
40909,41102,122
40909,41104,74
40909,41107,143
40909,41110,78
40909,41111,95
40909,41112,612
40909,41300,608
40909,41301,592
40909,41302,140
40909,41304,96
40909,41305,621
40909,41308,590
40909,41500,123
40909,41502,149
40909,41504,237
40909,41505,242
40909,41700,617
40909,41702,623
40909,41703,164
40909,41706,610
40909,41707,148
40909,41900,73
40909,41901,75
40909,41902,237
40909,41903,71
40909,41905,608
40909,42100,97
40909,42101,609
40909,42102,64
40909,42103,617
40909,42104,592
40909,42105,607
40909,42300,111
40909,42301,511
40909,42302,146
40909,42303,75
40909,42304,100
40909,42305,366
40909,42306,71
40909,49300,119
40909,49308,611
40909,49703,439
40909,90915,62
40909,91300,540
40910,40915,406
40910,40916,609
40910,41101,636
40910,41102,129
40910,41104,82
40910,41107,138
40910,41110,75
40910,41111,103
40910,41112,627
40910,41300,620
40910,41301,601
40910,41302,145
40910,41304,104
40910,41305,626
40910,41308,598
40910,41500,126
40910,41502,148
40910,41504,245
40910,41505,249
40910,41700,634
40910,41702,636
40910,41703,170
40910,41706,621
40910,41707,154
40910,41900,80
40910,41901,79
40910,41902,229
40910,41903,78
40910,41905,617
40910,42100,103
40910,42101,630
40910,42102,72
40910,42103,628
40910,42104,606
40910,42105,614
40910,42300,115
40910,42301,503
40910,42302,152
40910,42303,83
40910,42304,91
40910,42305,379
40910,42306,72
40910,49300,119
40910,49308,626
40910,49703,451
40910,90915,71
40910,91300,553
40915,40916,393
40915,41101,401
40915,41102,181
40915,41104,135
40915,41107,196
40915,41110,139
40915,41111,162
40915,41112,399
40915,41300,407
40915,41301,386
40915,41302,195
40915,41304,165
40915,41305,405
40915,41308,374
40915,41500,184
40915,41502,203
40915,41504,263
40915,41505,283
40915,41700,417
40915,41702,406
40915,41703,229
40915,41706,394
40915,41707,202
40915,41900,140
40915,41901,142
40915,41902,279
40915,41903,145
40915,41905,385
40915,42100,175
40915,42101,398
40915,42102,140
40915,42103,402
40915,42104,384
40915,42105,403
40915,42300,181
40915,42301,331
40915,42302,210
40915,42303,149
40915,42304,166
40915,42305,203
40915,49300,96
40915,49308,398
40915,49703,400
40915,91300,406
40916,41101,609
40916,41102,121
40916,41104,74
40916,41107,133
40916,41110,65
40916,41111,94
40916,41112,606
40916,41300,591
40916,41301,583
40916,41302,133
40916,41304,95
40916,41305,598
40916,41308,577
40916,41500,127
40916,41502,142
40916,41504,227
40916,41505,238
40916,41700,607
40916,41702,606
40916,41703,165
40916,41706,596
40916,41707,149
40916,41900,70
40916,41901,73
40916,41902,224
40916,41903,77
40916,41905,585
40916,42100,105
40916,42101,596
40916,42102,75
40916,42103,601
40916,42104,587
40916,42105,592
40916,42300,106
40916,42301,504
40916,42302,138
40916,42303,70
40916,42304,85
40916,42305,373
40916,42306,62
40916,49300,132
40916,49308,607
40916,49703,424
40916,90915,69
40916,91300,531
41101,41102,121
41101,41104,75
41101,41107,138
41101,41110,70
41101,41111,97
41101,41112,634
41101,41300,622
41101,41301,612
41101,41302,144
41101,41304,97
41101,41305,627
41101,41308,603
41101,41500,122
41101,41502,146
41101,41504,242
41101,41505,246
41101,41700,635
41101,41702,637
41101,41703,161
41101,41706,628
41101,41707,153
41101,41900,73
41101,41901,72
41101,41902,224
41101,41903,72
41101,41905,614
41101,42100,102
41101,42101,627
41101,42102,67
41101,42103,631
41101,42104,609
41101,42105,615
41101,42300,112
41101,42301,505
41101,42302,147
41101,42303,72
41101,42304,84
41101,42305,380
41101,42306,72
41101,49300,124
41101,49308,631
41101,49703,448
41101,90915,71
41101,91300,548
41102,41104,470
41102,41107,482
41102,41110,469
41102,41111,525
41102,41112,127
41102,41300,134
41102,41301,102
41102,41302,526
41102,41304,516
41102,41305,118
41102,41308,110
41102,41500,483
41102,41502,546
41102,41504,393
41102,41505,456
41102,41700,122
41102,41702,133
41102,41703,469
41102,41706,113
41102,41707,522
41102,41900,492
41102,41901,482
41102,41902,455
41102,41903,507
41102,41905,124
41102,42100,531
41102,42101,134
41102,42102,512
41102,42103,128
41102,42104,125
41102,42105,117
41102,42300,495
41102,42301,147
41102,42302,509
41102,42303,501
41102,42304,479
41102,42305,82
41102,42306,3
41102,49300,23
41102,49308,123
41102,49703,287
41102,90915,32
41102,91300,173
41104,41107,501
41104,41110,555
41104,41111,548
41104,41112,78
41104,41300,78
41104,41301,90
41104,41302,515
41104,41304,499
41104,41305,75
41104,41308,89
41104,41500,480
41104,41502,473
41104,41504,364
41104,41505,394
41104,41700,80
41104,41702,74
41104,41703,447
41104,41706,76
41104,41707,491
41104,41900,503
41104,41901,524
41104,41902,377
41104,41903,512
41104,41905,80
41104,42100,478
41104,42101,80
41104,42102,524
41104,42103,77
41104,42104,85
41104,42105,77
41104,42300,504
41104,42301,63
41104,42302,483
41104,42303,553
41104,42304,461
41104,42305,57
41104,42306,3
41104,49300,11
41104,49308,80
41104,49703,245
41104,90915,15
41104,91300,89
41107,41110,496
41107,41111,547
41107,41112,130
41107,41300,143
41107,41301,119
41107,41302,579
41107,41304,506
41107,41305,128
41107,41308,132
41107,41500,526
41107,41502,521
41107,41504,434
41107,41505,475
41107,41700,139
41107,41702,141
41107,41703,492
41107,41706,131
41107,41707,543
41107,41900,474
41107,41901,490
41107,41902,457
41107,41903,499
41107,41905,141
41107,42100,499
41107,42101,143
41107,42102,513
41107,42103,143
41107,42104,141
41107,42105,132
41107,42300,551
41107,42301,136
41107,42302,540
41107,42303,527
41107,42304,444
41107,42305,80
41107,42306,6
41107,49300,29
41107,49308,145
41107,49703,334
41107,90915,21
41107,91300,172
41110,41111,551
41110,41112,69
41110,41300,74
41110,41301,82
41110,41302,514
41110,41304,512
41110,41305,76
41110,41308,78
41110,41500,465
41110,41502,483
41110,41504,396
41110,41505,405
41110,41700,75
41110,41702,73
41110,41703,469
41110,41706,64
41110,41707,497
41110,41900,503
41110,41901,523
41110,41902,386
41110,41903,518
41110,41905,74
41110,42100,476
41110,42101,75
41110,42102,514
41110,42103,73
41110,42104,81
41110,42105,70
41110,42300,490
41110,42301,59
41110,42302,484
41110,42303,553
41110,42304,483
41110,42305,32
41110,42306,2
41110,49300,15
41110,49308,75
41110,49703,254
41110,90915,14
41110,91300,92
41111,41112,97
41111,41300,105
41111,41301,91
41111,41302,582
41111,41304,551
41111,41305,96
41111,41308,96
41111,41500,521
41111,41502,533
41111,41504,421
41111,41505,453
41111,41700,103
41111,41702,103
41111,41703,510
41111,41706,94
41111,41707,555
41111,41900,523
41111,41901,541
41111,41902,440
41111,41903,553
41111,41905,101
41111,42100,535
41111,42101,106
41111,42102,562
41111,42103,102
41111,42104,104
41111,42105,96
41111,42300,561
41111,42301,86
41111,42302,547
41111,42303,566
41111,42304,488
41111,42305,60
41111,42306,7
41111,49300,24
41111,49308,106
41111,49703,297
41111,90915,25
41111,91300,131
41112,41300,621
41112,41301,606
41112,41302,137
41112,41304,99
41112,41305,622
41112,41308,592
41112,41500,124
41112,41502,146
41112,41504,243
41112,41505,252
41112,41700,626
41112,41702,628
41112,41703,163
41112,41706,623
41112,41707,156
41112,41900,75
41112,41901,75
41112,41902,232
41112,41903,75
41112,41905,605
41112,42100,102
41112,42101,618
41112,42102,64
41112,42103,626
41112,42104,610
41112,42105,610
41112,42300,108
41112,42301,495
41112,42302,144
41112,42303,77
41112,42304,87
41112,42305,372
41112,42306,70
41112,49300,126
41112,49308,622
41112,49703,440
41112,90915,67
41112,91300,543
41300,41301,595
41300,41302,150
41300,41304,105
41300,41305,619
41300,41308,580
41300,41500,138
41300,41502,156
41300,41504,255
41300,41505,253
41300,41700,618
41300,41702,628
41300,41703,172
41300,41706,613
41300,41707,158
41300,41900,84
41300,41901,80
41300,41902,238
41300,41903,82
41300,41905,599
41300,42100,105
41300,42101,619
41300,42102,73
41300,42103,620
41300,42104,602
41300,42105,602
41300,42300,119
41300,42301,492
41300,42302,163
41300,42303,82
41300,42304,98
41300,42305,370
41300,42306,71
41300,49300,113
41300,49308,614
41300,49703,449
41300,90915,68
41300,91300,547
41301,41302,115
41301,41304,86
41301,41305,612
41301,41308,594
41301,41500,112
41301,41502,121
41301,41504,215
41301,41505,218
41301,41700,606
41301,41702,604
41301,41703,158
41301,41706,603
41301,41707,126
41301,41900,81
41301,41901,81
41301,41902,198
41301,41903,65
41301,41905,581
41301,42100,89
41301,42101,596
41301,42102,65
41301,42103,602
41301,42104,591
41301,42105,597
41301,42300,89
41301,42301,480
41301,42302,122
41301,42303,64
41301,42304,91
41301,42305,363
41301,42306,71
41301,49300,118
41301,49308,608
41301,49703,416
41301,90915,64
41301,91300,518
41302,41304,538
41302,41305,133
41302,41308,128
41302,41500,544
41302,41502,573
41302,41504,456
41302,41505,505
41302,41700,139
41302,41702,150
41302,41703,527
41302,41706,139
41302,41707,594
41302,41900,485
41302,41901,498
41302,41902,477
41302,41903,523
41302,41905,141
41302,42100,531
41302,42101,151
41302,42102,537
41302,42103,149
41302,42104,136
41302,42105,131
41302,42300,586
41302,42301,128
41302,42302,600
41302,42303,541
41302,42304,452
41302,42305,93
41302,42306,5
41302,49300,25
41302,49308,139
41302,49703,343
41302,90915,23
41302,91300,170
41304,41305,96
41304,41308,94
41304,41500,487
41304,41502,510
41304,41504,394
41304,41505,427
41304,41700,101
41304,41702,106
41304,41703,488
41304,41706,94
41304,41707,528
41304,41900,493
41304,41901,507
41304,41902,415
41304,41903,532
41304,41905,95
41304,42100,518
41304,42101,112
41304,42102,511
41304,42103,103
41304,42104,111
41304,42105,92
41304,42300,516
41304,42301,106
41304,42302,513
41304,42303,535
41304,42304,444
41304,42305,61
41304,42306,3
41304,49300,39
41304,49308,104
41304,49703,276
41304,90915,14
41304,91300,129
41305,41308,592
41305,41500,123
41305,41502,144
41305,41504,232
41305,41505,239
41305,41700,622
41305,41702,625
41305,41703,170
41305,41706,622
41305,41707,143
41305,41900,76
41305,41901,81
41305,41902,218
41305,41903,71
41305,41905,608
41305,42100,96
41305,42101,613
41305,42102,63
41305,42103,623
41305,42104,598
41305,42105,610
41305,42300,109
41305,42301,489
41305,42302,138
41305,42303,76
41305,42304,93
41305,42305,371
41305,42306,70
41305,49300,123
41305,49308,617
41305,49703,440
41305,90915,62
41305,91300,548
41308,41500,118
41308,41502,131
41308,41504,222
41308,41505,225
41308,41700,597
41308,41702,597
41308,41703,157
41308,41706,592
41308,41707,134
41308,41900,81
41308,41901,81
41308,41902,205
41308,41903,73
41308,41905,582
41308,42100,92
41308,42101,587
41308,42102,69
41308,42103,589
41308,42104,575
41308,42105,584
41308,42300,103
41308,42301,479
41308,42302,129
41308,42303,69
41308,42304,89
41308,42305,370
41308,42306,69
41308,49300,113
41308,49308,599
41308,49703,418
41308,90915,73
41308,91300,512
41500,41502,507
41500,41504,422
41500,41505,459
41500,41700,124
41500,41702,130
41500,41703,503
41500,41706,120
41500,41707,532
41500,41900,455
41500,41901,485
41500,41902,427
41500,41903,498
41500,41905,128
41500,42100,487
41500,42101,132
41500,42102,510
41500,42103,128
41500,42104,120
41500,42105,118
41500,42300,533
41500,42301,126
41500,42302,528
41500,42303,517
41500,42304,424
41500,42305,82
41500,42306,4
41500,49300,29
41500,49308,125
41500,49703,313
41500,90915,20
41500,91300,170
41502,41504,439
41502,41505,502
41502,41700,144
41502,41702,157
41502,41703,509
41502,41706,138
41502,41707,551
41502,41900,482
41502,41901,483
41502,41902,498
41502,41903,501
41502,41905,146
41502,42100,529
41502,42101,154
41502,42102,511
41502,42103,152
41502,42104,148
41502,42105,135
41502,42300,521
41502,42301,154
41502,42302,544
41502,42303,511
41502,42304,452
41502,42305,95
41502,42306,3
41502,49300,28
41502,49308,146
41502,49703,323
41502,90915,34
41502,91300,194
41504,41505,504
41504,41700,239
41504,41702,246
41504,41703,446
41504,41706,234
41504,41707,463
41504,41900,347
41504,41901,336
41504,41902,470
41504,41903,387
41504,41905,235
41504,42100,376
41504,42101,248
41504,42102,363
41504,42103,245
41504,42104,240
41504,42105,228
41504,42300,411
41504,42301,204
41504,42302,467
41504,42303,375
41504,42304,339
41504,42305,145
41504,42306,12
41504,49300,44
41504,49308,240
41504,49703,421
41504,90915,44
41504,91300,260
41505,41700,246
41505,41702,254
41505,41703,495
41505,41706,238
41505,41707,514
41505,41900,383
41505,41901,383
41505,41902,508
41505,41903,410
41505,41905,238
41505,42100,431
41505,42101,252
41505,42102,407
41505,42103,252
41505,42104,245
41505,42105,235
41505,42300,459
41505,42301,209
41505,42302,487
41505,42303,422
41505,42304,391
41505,42305,148
41505,42306,6
41505,49300,45
41505,49308,244
41505,49703,429
41505,90915,35
41505,91300,271
41700,41702,635
41700,41703,168
41700,41706,621
41700,41707,150
41700,41900,79
41700,41901,79
41700,41902,224
41700,41903,76
41700,41905,610
41700,42100,109
41700,42101,625
41700,42102,70
41700,42103,625
41700,42104,605
41700,42105,625
41700,42300,110
41700,42301,498
41700,42302,144
41700,42303,87
41700,42304,98
41700,42305,375
41700,42306,72
41700,49300,123
41700,49308,629
41700,49703,448
41700,90915,71
41700,91300,552
41702,41703,173
41702,41706,622
41702,41707,160
41702,41900,81
41702,41901,83
41702,41902,234
41702,41903,80
41702,41905,614
41702,42100,108
41702,42101,627
41702,42102,73
41702,42103,631
41702,42104,606
41702,42105,613
41702,42300,120
41702,42301,505
41702,42302,155
41702,42303,82
41702,42304,92
41702,42305,375
41702,42306,72
41702,49300,122
41702,49308,629
41702,49703,454
41702,90915,71
41702,91300,556
41703,41706,161
41703,41707,527
41703,41900,423
41703,41901,454
41703,41902,458
41703,41903,479
41703,41905,158
41703,42100,461
41703,42101,167
41703,42102,485
41703,42103,169
41703,42104,172
41703,42105,161
41703,42300,489
41703,42301,137
41703,42302,499
41703,42303,471
41703,42304,415
41703,42305,92
41703,42306,6
41703,49300,31
41703,49308,169
41703,49703,361
41703,90915,20
41703,91300,193
41706,41707,143
41706,41900,73
41706,41901,71
41706,41902,219
41706,41903,68
41706,41905,599
41706,42100,96
41706,42101,612
41706,42102,65
41706,42103,620
41706,42104,596
41706,42105,609
41706,42300,110
41706,42301,489
41706,42302,141
41706,42303,70
41706,42304,82
41706,42305,373
41706,42306,70
41706,49300,124
41706,49308,618
41706,49703,437
41706,90915,67
41706,91300,535
41707,41900,473
41707,41901,479
41707,41902,486
41707,41903,514
41707,41905,150
41707,42100,518
41707,42101,159
41707,42102,514
41707,42103,156
41707,42104,151
41707,42105,144
41707,42300,556
41707,42301,139
41707,42302,559
41707,42303,521
41707,42304,441
41707,42305,97
41707,42306,5
41707,49300,29
41707,49308,150
41707,49703,351
41707,90915,26
41707,91300,178
41900,41901,510
41900,41902,400
41900,41903,521
41900,41905,77
41900,42100,509
41900,42101,84
41900,42102,516
41900,42103,82
41900,42104,82
41900,42105,79
41900,42300,488
41900,42301,92
41900,42302,461
41900,42303,523
41900,42304,490
41900,42305,40
41900,42306,2
41900,49300,19
41900,49308,83
41900,49703,225
41900,90915,33
41900,91300,132
41901,41902,391
41901,41903,522
41901,41905,79
41901,42100,504
41901,42101,84
41901,42102,543
41901,42103,78
41901,42104,82
41901,42105,71
41901,42300,493
41901,42301,73
41901,42302,476
41901,42303,571
41901,42304,483
41901,42305,36
41901,42306,3
41901,49300,15
41901,49308,81
41901,49703,244
41901,90915,23
41901,91300,108
41902,41903,413
41902,41905,223
41902,42100,439
41902,42101,235
41902,42102,415
41902,42103,232
41902,42104,227
41902,42105,220
41902,42300,449
41902,42301,226
41902,42302,468
41902,42303,395
41902,42304,401
41902,42305,137
41902,42306,13
41902,49300,42
41902,49308,227
41902,49703,396
41902,90915,54
41902,91300,268
41903,41905,76
41903,42100,496
41903,42101,80
41903,42102,530
41903,42103,77
41903,42104,85
41903,42105,74
41903,42300,518
41903,42301,72
41903,42302,507
41903,42303,544
41903,42304,454
41903,42305,43
41903,42306,3
41903,49300,16
41903,49308,82
41903,49703,255
41903,90915,19
41903,91300,110
41905,42100,98
41905,42101,606
41905,42102,69
41905,42103,606
41905,42104,584
41905,42105,590
41905,42300,112
41905,42301,499
41905,42302,147
41905,42303,79
41905,42304,92
41905,42305,365
41905,42306,72
41905,49300,133
41905,49308,606
41905,49703,429
41905,90915,68
41905,91300,531
42100,42101,104
42100,42102,529
42100,42103,103
42100,42104,104
42100,42105,109
42100,42300,515
42100,42301,114
42100,42302,498
42100,42303,525
42100,42304,476
42100,42305,61
42100,42306,2
42100,49300,33
42100,49308,105
42100,49703,260
42100,90915,34
42100,91300,147
42101,42102,74
42101,42103,627
42101,42104,598
42101,42105,609
42101,42300,121
42101,42301,497
42101,42302,158
42101,42303,82
42101,42304,93
42101,42305,367
42101,42306,72
42101,49300,121
42101,49308,617
42101,49703,446
42101,90915,71
42101,91300,546
42102,42103,70
42102,42104,71
42102,42105,68
42102,42300,532
42102,42301,83
42102,42302,503
42102,42303,546
42102,42304,476
42102,42305,37
42102,42306,3
42102,49300,24
42102,49308,76
42102,49703,250
42102,90915,29
42102,91300,116
42103,42104,601
42103,42105,623
42103,42300,119
42103,42301,502
42103,42302,152
42103,42303,78
42103,42304,93
42103,42305,370
42103,42306,72
42103,49300,122
42103,49308,621
42103,49703,448
42103,90915,66
42103,91300,546
42104,42105,589
42104,42300,106
42104,42301,482
42104,42302,142
42104,42303,78
42104,42304,92
42104,42305,359
42104,42306,71
42104,49300,117
42104,49308,607
42104,49703,426
42104,90915,67
42104,91300,525
42105,42300,104
42105,42301,490
42105,42302,138
42105,42303,81
42105,42304,99
42105,42305,361
42105,42306,70
42105,49300,123
42105,49308,613
42105,49703,427
42105,90915,66
42105,91300,527
42300,42301,109
42300,42302,547
42300,42303,533
42300,42304,452
42300,42305,68
42300,42306,5
42300,49300,26
42300,49308,113
42300,49703,302
42300,90915,24
42300,91300,143
42301,42302,140
42301,42303,65
42301,42304,113
42301,42305,323
42301,42306,48
42301,49300,164
42301,49308,500
42301,49703,351
42301,90915,79
42301,91300,476
42302,42303,516
42302,42304,435
42302,42305,89
42302,42306,5
42302,49300,28
42302,49308,143
42302,49703,338
42302,90915,24
42302,91300,171
42303,42304,490
42303,42305,39
42303,42306,2
42303,49300,17
42303,49308,75
42303,49703,265
42303,90915,13
42303,91300,106
42304,42305,43
42304,49300,21
42304,49308,89
42304,49703,233
42304,90915,35
42304,91300,137
42305,42306,68
42305,49308,376
42305,49703,250
42305,90915,60
42305,91300,315
42306,49308,72
42306,49703,30
42306,90915,37
42306,91300,41
49300,49308,118
49300,49703,85
49300,91300,118
49308,49703,439
49308,90915,73
49308,91300,542
49703,90915,62
49703,91300,441
90915,91300,70
